서울 서초구 양재동 양재역사거리 강남대로 도루코빌딩 건물 르니드 오피스텔 02,https://drive.google.com/file/d/1CUF8S2nUrEvnmsNcy8LqgKdzIpnwLJZV/view?usp=drive_link
서울 서초구 양재동 양재역사거리 강남대로 도루코빌딩 건물 르니드 오피스텔 03,https://drive.google.com/file/d/1XLq78UtfjajeoWtObUixJdHWMugECJRB/view?usp=drive_link
[드론영상] 서울 서초구 양재동 양재역사거리 강남대로 도루코빌딩 건물 르니드 오피스텔 04,https://drive.google.com/file/d/19mz8Amu8ZyFCq6tEPaFBLj6Vaeqkaei2/view?usp=drive_link
서울 서초구 양재동 양재역사거리 강남대로 도루코빌딩 건물 르니드 오피스텔 05,https://drive.google.com/file/d/1jqGX14-V-fFueKF02WZ9Rg7kCzpw8ysW/view?usp=drive_link
[드론영상] 서울 서초구 양재동 양재역사거리 강남대로 도루코빌딩 건물 르니드 오피스텔 원본,https://drive.google.com/file/d/1sZbA5kldDLExrzNKK1La5qYzd7OlWwxW/view?usp=drive_link
서울 서초구 메이플자이 한신20차 재건축 신반포자이 반포자이 아크로리버뷰 신반포2차 반포센트럴자이 잠원역 01,https://drive.google.com/file/d/1e-LY7WeBbv4BqpjkLq1J-Lck8CgjOXoC/view?usp=drive_link
서울 서초구 메이플자이 한신20차 재건축 신반포자이 반포자이 아크로리버뷰 신반포2차 반포센트럴자이 잠원역 02,https://drive.google.com/file/d/1XuQQ-Cn1SaluIfrDYV9r4XTKeHWgS1h2/view?usp=drive_link
서울 서초구 메이플자이 한신20차 재건축 신반포자이 반포자이 아크로리버뷰 신반포2차 반포센트럴자이 잠원역 03,https://drive.google.com/file/d/1g1JlAbiJKfTDzjAY-A7ACNMwpZ7KrMxx/view?usp=drive_link
서울 서초구 메이플자이 한신20차 재건축 신반포자이 반포자이 아크로리버뷰 신반포2차 반포센트럴자이 잠원역 04,https://drive.google.com/file/d/1Tw8ywfpP60OvWKm5TOG5SitBi4O18UMa/view?usp=drive_link
서울 서초구 메이플자이 한신20차 재건축 신반포자이 반포자이 아크로리버뷰 신반포2차 반포센트럴자이 잠원역 05,https://drive.google.com/file/d/1zTLKIJHUFefdIYEAWgpC1CwVy5qCZsK6/view?usp=drive_link
서울 서초구 메이플자이 한신20차 재건축 신반포자이 반포자이 아크로리버뷰 신반포2차 반포센트럴자이 잠원역 06,https://drive.google.com/file/d/195g3D6vaD2XtnU__gzAm5-ZoCMVfP3Ah/view?usp=drive_link
서울 서초구 메이플자이 한신20차 재건축 신반포자이 반포자이 아크로리버뷰 신반포2차 반포센트럴자이 잠원역 07,https://drive.google.com/file/d/1rnEfl9AY4M3uJHoCp24efgKnr1AEFw36/view?usp=drive_link
서울 서초구 메이플자이 한신20차 재건축 신반포자이 반포자이 아크로리버뷰 신반포2차 반포센트럴자이 잠원역 08,https://drive.google.com/file/d/1s_bmFGbsS4OB3MVGAu05WlJ1P6hgNjqs/view?usp=drive_link
서울 서초구 메이플자이 한신20차 재건축 신반포자이 반포자이 아크로리버뷰 신반포2차 반포센트럴자이 잠원역 09,https://drive.google.com/file/d/1cbp6UVdKacVbRl6Gd63s-fLZocxs0I8j/view?usp=drive_link
서울 서초구 메이플자이 한신20차 재건축 신반포자이 반포자이 아크로리버뷰 신반포2차 반포센트럴자이 잠원역 10,https://drive.google.com/file/d/1gilGtMl6cU3S-ph6n3wp6wHUDv5Ri0ku/view?usp=drive_link
서울 서초구 메이플자이 한신20차 재건축 신반포자이 반포자이 아크로리버뷰 신반포2차 반포센트럴자이 잠원역 11,https://drive.google.com/file/d/1b6NaMiTAmqri6pDc7HcbLXlzwbltScZ-/view?usp=drive_link
서울 서초구 메이플자이 한신20차 재건축 신반포자이 반포자이 아크로리버뷰 신반포2차 반포센트럴자이 잠원역 12,https://drive.google.com/file/d/1iBm1HN0JGMq9OC10PGl1LX8z7lOp9YFC/view?usp=drive_link
서울 서초구 메이플자이 한신20차 재건축 신반포자이 반포자이 아크로리버뷰 신반포2차 반포센트럴자이 잠원역 13,https://drive.google.com/file/d/1irqVgeVUW6h3frUXHguhwIWM-BZcFYye/view?usp=drive_link
서울 서초구 메이플자이 한신20차 재건축 신반포자이 반포자이 아크로리버뷰 신반포2차 반포센트럴자이 잠원역 14,https://drive.google.com/file/d/12HxIcQ17HTgqP_XU4-BWmYlKFApuvUzr/view?usp=drive_link
서울 서초구 메이플자이 한신20차 재건축 신반포자이 반포자이 아크로리버뷰 신반포2차 반포센트럴자이 잠원역 15,https://drive.google.com/file/d/18ROcipal_z-FPhadEjATGm6yH9wVL8w_/view?usp=drive_link
서울 서초구 메이플자이 한신20차 재건축 신반포자이 반포자이 아크로리버뷰 신반포2차 반포센트럴자이 잠원역 16,https://drive.google.com/file/d/1ZM3zp073TYzyq9JBC8nfNkiZk7_11iSS/view?usp=drive_link
서울 서초구 메이플자이 한신20차 재건축 신반포자이 반포자이 아크로리버뷰 신반포2차 반포센트럴자이 잠원역 16,https://drive.google.com/file/d/15PXrMGezehoHBl2xEUfEbkE49u_s0qbe/view?usp=drive_link
서울 서초구 메이플자이 한신20차 재건축 신반포자이 반포자이 아크로리버뷰 신반포2차 반포센트럴자이 잠원역 17,https://drive.google.com/file/d/1nNHBxOChFIe8ffMwB0pPTEzkusPCRoTp/view?usp=drive_link
서울 서초구 메이플자이 한신20차 재건축 신반포자이 반포자이 아크로리버뷰 신반포2차 반포센트럴자이 잠원역 18,https://drive.google.com/file/d/1nNHBxOChFIe8ffMwB0pPTEzkusPCRoTp/view?usp=drive_link
[드론영상] 서울 서초구 메이플자이 한신20차 재건축 신반포자이 반포자이 아크로리버뷰 신반포2차 반포센트럴자이 잠원역 원본,https://drive.google.com/file/d/1GIFq4ExcHMW79qzOcOsQKy1_rYfx_ij5/view?usp=drive_link
서울 서초구 서초동 코오롱스포렉스 래미안서초S아파트 래미안리더스원 서초그랑자이 강남역 경부고속도로 서초2동 01,https://drive.google.com/file/d/1POCQXMOj02oR8QEwlwVIGbFFBA-y_Y_6/view?usp=drive_link
[드론영상] 서울 서초구 서초동 코오롱스포렉스 래미안서초S아파트 래미안리더스원 서초그랑자이 강남역 경부고속도로 서초2동 02,https://drive.google.com/file/d/12KrNW8uLzmlTnaa7aBItn3l5PH20ELil/view?usp=drive_link
[드론영상] 서울 서초구 서초동 코오롱스포렉스 래미안서초S아파트 래미안리더스원 서초그랑자이 강남역 경부고속도로 서초2동 03,https://drive.google.com/file/d/1opjN5nyU4OLq6JRuyZyHPuXSOgEHNeoc/view?usp=drive_link
서울 서초구 서초동 코오롱스포렉스 래미안서초S아파트 래미안리더스원 서초그랑자이 강남역 경부고속도로 서초2동 04,https://drive.google.com/file/d/1Dzj2o8EdDDz0a76DvT_7tCMgAFBxF_J6/view?usp=drive_link
서울 서초구 서초동 코오롱스포렉스 래미안서초S아파트 래미안리더스원 서초그랑자이 강남역 경부고속도로 서초2동 05,https://drive.google.com/file/d/1d2t10EvBWP5F8qqy8TuDvzVbqA9gRsfH/view?usp=drive_link
서울 서초구 서초동 코오롱스포렉스 래미안서초S아파트 래미안리더스원 서초그랑자이 강남역 경부고속도로 서초2동 06,https://drive.google.com/file/d/1mM2JgLlNU7BDKqCSCgt-1lYf11pYQ2mI/view?usp=drive_link
서울 서초구 서초동 코오롱스포렉스 래미안서초S아파트 래미안리더스원 서초그랑자이 강남역 경부고속도로 서초2동 07,https://drive.google.com/file/d/1maxhnHzjEx46hhkghUvYQe80V8GWVYEl/view?usp=drive_link
서울 서초구 서초동 코오롱스포렉스 래미안서초S아파트 래미안리더스원 서초그랑자이 강남역 경부고속도로 서초2동 08,https://drive.google.com/file/d/19VJMN8BhiVx7g85RNPg5m_OoTvK_TvM7/view?usp=drive_link
서울 서초구 서초동 코오롱스포스 래미안서초S아파트 래미안리더스원 서초그랑자이 강남역 경부고속도로 서초2동 09,https://drive.google.com/file/d/1qe_erPdJY1PROWZxngOTEaDtDgK7a3xX/view?usp=drive_link
서울 서초구 서초동 코오롱스포렉스 래미안서초S아파트 래미안리더스원 서초그랑자이 강남역 경부고속도로 서초2동 10,https://drive.google.com/file/d/1e2WAjwVJXNQp52KnrIwdi8aUUlrFnpCk/view?usp=drive_link
서울 서초구 서초동 코오롱스포렉스 래미안서초S아파트 래미안리더스원 서초그랑자이 강남역 경부고속도로 서초2동 11,https://drive.google.com/file/d/1aNQEC3hSnOdf9DE1QytOs-5AtN4L4-Sl/view?usp=drive_link
서울 서초구 서초동 코오롱스포렉스 래미안서초S아파트 래미안리더스원 서초그랑자이 강남역 경부고속도로 서초2동 12,https://drive.google.com/file/d/1umcAj19aANYLwe5uT-qZENHOBSHB1sDY/view?usp=drive_link
서울 서초구 서초동 코오롱스포렉스 래미안서초S아파트 래미안리더스원 서초그랑자이 강남역 경부고속도로 서초2동 13,https://drive.google.com/file/d/1hEleBwYyFgZUiqt79ZcaJp0EPcxWW9tW/view?usp=drive_link
서울 서초구 서초동 코오롱스포렉스 래미안서초S아파트 래미안리더스원 서초그랑자이 강남역 경부고속도로 서초2동 14,https://drive.google.com/file/d/1XYFGjhp6m61GuLaihStRftSfF3Z5czGL/view?usp=drive_link
서울 서초구 서초동 코오롱스포렉스 래미안서초S아파트 래미안리더스원 서초그랑자이 강남역 경부고속도로 서초2동 15,https://drive.google.com/file/d/170Y_uhlyWW894lMDL4DVEsnryz7CmB6k/view?usp=drive_link
서울 서초구 서초동 코오롱스포렉스 래미안서초S아파트 래미안리더스원 서초그랑자이 강남역 경부고속도로 서초2동 16,https://drive.google.com/file/d/1RDo4WpuT8c6CDNI-Jcp9MhLYtCA5cKst/view?usp=drive_link
[드론영상] 서울 서초구 서초동 코오롱스포렉스 래미안서초S아파트 래미안리더스원 서초그랑자이 강남역 경부고속도로 서초2동 17,https://drive.google.com/file/d/1ONizv3ccRkMMhbZeT7GjnY6S_sNsB0Cu/view?usp=drive_link
[드론영상] 서울 서초구 서초동 코오롱스포렉스 래미안서초S아파트 래미안리더스원 서초그랑자이 강남역 경부고속도로 서초2동 18,https://drive.google.com/file/d/1UsLwqSpXlzOF2q-B7wAp1mS-6mhhNUNs/view?usp=drive_link
서울 서초구 서초동 코오롱스포렉스 래미안서초S아파트 래미안리더스원 서초그랑자이 강남역 경부고속도로 서초2동 19,https://drive.google.com/file/d/1fgdDt7T9ODN-Maqs4DhnZ1P6c3NYQE5c/view?usp=drive_link
[드론영상] 서울 서초구 서초동 코오롱스포렉스 래미안서초S아파트 래미안리더스원 서초그랑자이 강남역 경부고속도로 서초2동 20,https://drive.google.com/file/d/1fPFEI9gTyrBbqVZqXeCKNq_dejgCxE6u/view?usp=sharing
[드론영상] 서울 서초구 서초동 코오롱스포렉스 래미안서초S아파트 래미안리더스원 서초그랑자이 강남역 경부고속도로 서초2동 원본,https://drive.google.com/file/d/1NUguVZqoq6385Kr1NozCS0MrWOMxoXYG/view?usp=drive_link
서울 구로구 구로3동 넷마블 이마트 구로디지털단지역 현대아웃렛 01,https://drive.google.com/file/d/1NNA-u2EG95_d87WBjLHV1BlWqYotTUUu/view?usp=drive_link
[드론영상] 서울 구로구 구로3동 넷마블 이마트 구로디지털단지역 현대아웃렛 02,https://drive.google.com/file/d/1w2dalcH5fvfZSk16ldiCwJUZo9--mGj-/view?usp=drive_link
서울 구로구 구로3동 넷마블 이마트 구로디지털단지역 현대아웃렛 03,https://drive.google.com/file/d/1Q-CbpYiskPlrkdTXtEf-dSgv8uXrwGPu/view?usp=drive_link
서울 구로구 구로3동 넷마블 이마트 구로디지털단지역 현대아웃렛 04,https://drive.google.com/file/d/1oKeK2lyAUw4X36QaNnArh90YI1_Zl8lF/view?usp=drive_link
서울 구로구 구로3동 넷마블 이마트 구로디지털단지역 현대아웃렛 05,https://drive.google.com/file/d/1z5RsKKUWjIwYoZrhMk3wLdKvSa3ZwgA1/view?usp=drive_link
[드론영상] 서울 구로구 구로3동 넷마블 이마트 구로디지털단지역 현대아웃렛 06,https://drive.google.com/file/d/1vPhu9b5ddzhkbUVfS6wlGOE8pTUzveSB/view?usp=drive_link
서울 구로구 구로3동 넷마블 이마트 구로디지털단지역 현대아웃렛 07,https://drive.google.com/file/d/1cxRoXh0v58HraSf6yXb6ewre9JAkTrqJ/view?usp=drive_link
서울 구로구 구로3동 넷마블 이마트 구로디지털단지역 현대아웃렛 08,https://drive.google.com/file/d/1zcGmkl6o7YYQzsJrRqlVKOglbbA3IiMX/view?usp=drive_link
드론영상 서울 구로구 구로3동 넷마블 이마트 구로디지털단지역 현대아웃렛 원본,https://drive.google.com/file/d/1TPQ7FrkhDzVXGgMLMJNmrlusFuLURq_b/view?usp=drive_link
서울 강남구 논현동 아크로힐스논현 두산위브 강남구청역 파라곤 논현2동 01,https://drive.google.com/file/d/1p0Ntc9RSXcQq9xY-Cd8QPI-Fu4SuGlG7/view?usp=drive_link
서울 강남구 논현동 아크로힐스논현 두산위브 강남구청역 파라곤 논현2동 02,https://drive.google.com/file/d/1ojoc1R1Fi_YCv8dIfbg1fZYCNhCE8fex/view?usp=drive_link
[드론영상] 서울 강남구 논현동 아크로힐스논현 두산위브 강남구청역 파라곤 논현2동 03,https://drive.google.com/file/d/1kk9vZM_WLLpx7YqAInimSFu5nUgCk0D0/view?usp=drive_link
서울 강남구 논현동 아크로힐스논현 두산위브 강남구청역 파라곤 논현2동 04,https://drive.google.com/file/d/19jh_ovhs7omfRGM5XJfyn6dh4l8q5aIY/view?usp=drive_link
서울 강남구 논현동 아크로힐스논현 두산위브 강남구청역 파라곤 논현2동 05,https://drive.google.com/file/d/1pt7xdkD6-Miv29IonVf4taA9vfmamAgd/view?usp=drive_link
서울 강남구 논현동 아크로힐스논현 두산위브 강남구청역 파라곤 논현2동 06,https://drive.google.com/file/d/1LHcwWiuXk3dw53Ww_rmTpbPy4vCbNe65/view?usp=drive_link
[드론영상] 서울 강남구 논현동 아크로힐스논현 두산위브 강남구청역 파라곤 논현2동 07,https://drive.google.com/file/d/1SOlWsH1TXzHTSdPtmw2mLPDn-60Jltb2/view?usp=drive_link
서울 강남구 논현동 아크로힐스논현 두산위브 강남구청역 파라곤 논현2동 08,https://drive.google.com/file/d/1rWwi5fN6ew-he8Nr_1pWMPeRuRT-8O1g/view?usp=drive_link
서울 강남구 논현동 아크로힐스논현 두산위브 강남구청역 파라곤 논현2동 09,https://drive.google.com/file/d/1hKOYaule29boQ1i80M16fJFmi5zfj-JM/view?usp=drive_link
서울 강남구 논현동 아크로힐스논현 두산위브 강남구청역 파라곤 논현2동 10,https://drive.google.com/file/d/1IyfJtmDmA4EXNhFjgSYDxO9c7FFFqe4q/view?usp=drive_link
서울 강남구 논현동 아크로힐스논현 두산위브 강남구청역 파라곤 논현2동 11,https://drive.google.com/file/d/1huoYpcRMersk1bhMAsOSMO_uAgQgFrvM/view?usp=drive_link
서울 강남구 논현동 아크로힐스논현 두산위브 강남구청역 파라곤 논현2동 12,https://drive.google.com/file/d/1gsPWZKQ_UfmNYxI0o0kkVNm-orIKSjPv/view?usp=drive_link
서울 강남구 논현동 아크로힐스논현 두산위브 강남구청역 파라곤 논현2동 13,https://drive.google.com/file/d/1YJD1fuGS6kBd3g7LaER-EM53uM827KLL/view?usp=drive_link
서울 강남구 논현동 아크로힐스논현 두산위브 강남구청역 파라곤 논현2동 14,https://drive.google.com/file/d/1EoXU3FcZP-rLRAKo1qnUmOuVjaq9fKQg/view?usp=drive_link
서울 강남구 논현동 아크로힐스논현 두산위브 강남구청역 파라곤 논현2동 15,https://drive.google.com/file/d/1UCzLw07WcMOd4U3VEsYclzPkfymzn3Rq/view?usp=drive_link
서울 강남구 논현동 아크로힐스논현 두산위브 강남구청역 파라곤 논현2동 16,https://drive.google.com/file/d/1bZqZy3nuhWtF1s7A6ZqR4KZXTZ0SB9cB/view?usp=drive_link
서울 강남구 논현동 아크로힐스논현 두산위브 강남구청역 파라곤 논현2동 17,https://drive.google.com/file/d/1GPyeIHel-XvprrWBzV-Vffgl5nYFeceO/view?usp=drive_link
[드론영상] 서울 강남구 논현동 아크로힐스논현 두산위브 강남구청역 파라곤 논현2동 원본,https://drive.google.com/file/d/1ToqAbFz8v9qS-0V0HgqkE0JqFKn2htDE/view?usp=drive_link
서울 강남구 논현동 언주역 삼정호텔 노보텔엠배서더 신논현역 논현역 논현2동 01,https://drive.google.com/file/d/1IHFURCJjjI4Gn0NHFN8tfaAdn8raK0kB/view?usp=drive_link
서울 강남구 논현동 언주역 삼정호텔 노베텔엠배서더 신논현역 논현역 논현2동 02,https://drive.google.com/file/d/1X9m_mV8ia_HK3FTgoJ-VWneDWEhSuFC4/view?usp=drive_link
서울 강남구 논현동 언주역 삼정호텔 노베텔엠배서더 신논현역 논현역 논현2동 03,https://drive.google.com/file/d/1Vrufa2xQXSDwQFRURPyutWV_127qgTld/view?usp=drive_link
서울 강남구 논현동 언주역 삼정호텔 노베텔엠배서더 신논현역 논현역 논현2동 04,https://drive.google.com/file/d/1qpltegjXCDl39UwmYbeeDdoEUBCH_Q5h/view?usp=drive_link
서울 강남구 논현동 언주역 삼정호텔 노베텔엠배서더 신논현역 논현역 논현2동 05,https://drive.google.com/file/d/1L8aAAqP7msyZul1XldTE9WUl9oKWmNz5/view?usp=drive_link
서울 강남구 논현동 언주역 삼정호텔 노베텔엠배서더 신논현역 논현역 논현2동 06,https://drive.google.com/file/d/1zZ-D1a82jlu_4YGDaM20lwJlcWPGt4Or/view?usp=drive_link
서울 강남구 논현동 언주역 삼정호텔 노베텔엠배서더 신논현역 논현역 논현2동 07,https://drive.google.com/file/d/10HAIzxZ26L6fAaSUtnfNYriOu8lgh3l3/view?usp=drive_link
서울 강남구 논현동 언주역 삼정호텔 노베텔엠배서더 신논현역 논현역 논현2동 08,https://drive.google.com/file/d/1N0LNvuUH0SvbNXgszQ0-QrnYCUYkCim2/view?usp=drive_link
서울 강남구 논현동 언주역 삼정호텔 노베텔엠배서더 신논현역 논현역 논현2동 09,https://drive.google.com/file/d/1R3k0NejK0T4FARiTxPD09xWZZDrhu73j/view?usp=drive_link
서울 강남구 논현동 언주역 삼정호텔 노베텔엠배서더 신논현역 논현역 논현2동 10,https://drive.google.com/file/d/1qKodBVAGUT-bMYQMN-SiopbnEGxxircq/view?usp=drive_link
[드론영상] 서울 강남구 논현동 언주역 삼정호텔 노베텔엠배서더 신논현역 논현역 논현2동 원본,https://drive.google.com/file/d/1mQRlOYfZ3MdHQSHiM0-I7-WxKf3jfib2/view?usp=drive_link
서울 송파구 잠실4동 잠실래미안아이파크 올림픽공원 평화의광장 롯데월드타워 01,https://drive.google.com/file/d/1PJw-vVBKaif5wezaoOK2dyxaAgXZjrFN/view?usp=drive_link
서울 송파구 잠실4동 잠실래미안아이파크 올림픽공원 평화의광장 롯데월드타워 02,https://drive.google.com/file/d/10N0YDs7YiM_zZhvABs7c5UKAQ_6w-ldZ/view?usp=drive_link
서울 송파구 잠실4동 잠실래미안아이파크 올림픽공원 평화의광장 롯데월드타워 03,https://drive.google.com/file/d/1SAD5XodsNB7WdQ7tfJ__U4FlU556dF25/view?usp=drive_link
서울 송파구 잠실4동 잠실래미안아이파크 올림픽공원 평화의광장 롯데월드타워 04,https://drive.google.com/file/d/1aPivtxv3CmYQ6h8iZ67svRTKv73ODyfn/view?usp=drive_link
서울 송파구 잠실4동 잠실래미안아이파크 올림픽공원 평화의광장 롯데월드타워 05,https://drive.google.com/file/d/1SWD5nQqCne6Bdzlzu5pVtQmh9eCnX1z3/view?usp=drive_link
서울 송파구 잠실4동 잠실래미안아이파크 올림픽공원 평화의광장 롯데월드타워 06,https://drive.google.com/file/d/1JzOKhsnLI4zg_g7HZYKQ3qPddw-NrBnr/view?usp=drive_link
서울 송파구 잠실4동 잠실래미안아이파크 올림픽공원 평화의광장 롯데월드타워 07,https://drive.google.com/file/d/1Mr9mI6Nz7lNFNOXldxXSEfl20hKomv8K/view?usp=drive_link
서울 송파구 잠실4동 잠실래미안아이파크 올림픽공원 평화의광장 롯데월드타워 08,https://drive.google.com/file/d/1s8MIp_XlkIFG3oMD_O4usMTOWDrzsRdQ/view?usp=drive_link
서울 서초구 서초동 양재역 양재사거리 서초구청 경부고속도로 도루코 외교타운 국립외교원 01,https://drive.google.com/file/d/1HOpCA20jV63mhzoat0yl3VS36n5wPQZc/view?usp=drive_link
서울 서초구 서초동 양재역 양재사거리 서초구청 경부고속도로 도루코 외교타운 국립외교원 02,https://drive.google.com/file/d/1BXaYkl1Jivx-1sxnhaD_XBP83iQJKVFP/view?usp=drive_link
서울 서초구 서초동 양재역 양재사거리 서초구청 경부고속도로 도루코 외교타운 국립외교원 03,https://drive.google.com/file/d/1GyKP4_vcsTeYcWWcCE8H8vvT1PWB5Z9j/view?usp=drive_link
서울 서초구 서초동 양재역 양재사거리 서초구청 경부고속도로 도루코 외교타운 국립외교원 04,https://drive.google.com/file/d/1GCN_ED0BsJxX1BYXdc-KBqv33x7Pz7Gg/view?usp=drive_link
서울 서초구 서초동 양재역 양재사거리 서초구청 경부고속도로 도루코 외교타운 국립외교원 05,https://drive.google.com/file/d/1lc2fLv75wVn_VmpAsOZOQxaTB_y7RAks/view?usp=drive_link
[드론영상] 서울 서초구 서초동 양재역 양재사거리 서초구청 경부고속도로 도루코 외교타운 국립외교원 06,https://drive.google.com/file/d/18Vc8hMDlCSVQxuC_3eCWZHq0vmjWNGIL/view?usp=drive_link
[드론영상] 서울 서초구 서초동 양재역 양재사거리 서초구청 경부고속도로 도루코 외교타운 국립외교원 07,https://drive.google.com/file/d/1SBMkg_Cglg4H4bcU5QvQqrsSbMokAFZJ/view?usp=drive_link
서울 서초구 서초동 양재역 양재사거리 서초구청 경부고속도로 도루코 외교타운 국립외교원 08,https://drive.google.com/file/d/1XwkYuuCCClqvKIU14MjOcTVgAH4u5dSs/view?usp=drive_link
서울 서초구 서초동 양재역 양재사거리 서초구청 경부고속도로 도루코 외교타운 국립외교원 09,https://drive.google.com/file/d/1MrwsDocWZDS-nWGEEpOIGWDtXO8sm6ke/view?usp=drive_link
서울 서초구 서초동 양재역 양재사거리 서초구청 경부고속도로 도루코 외교타운 국립외교원 10,https://drive.google.com/file/d/1hI8QtL9vQ5MCZQY-XY-taOLgMiG-fR3D/view?usp=drive_link
서울 서초구 서초동 양재역 양재사거리 서초구청 경부고속도로 도루코 외교타운 국립외교원 11,https://drive.google.com/file/d/1dhhblhDAUvR9EEsgRNuP6966wwykq_yl/view?usp=drive_link
서울 서초구 서초동 양재역 양재사거리 서초구청 경부고속도로 도루코 외교타운 국립외교원 12,https://drive.google.com/file/d/1BQIe6yeFYzWDBthow4dYC1-stzrb5c6T/view?usp=drive_link
서울 서초구 서초동 양재역 양재사거리 서초구청 경부고속도로 도루코 외교타운 국립외교원 13,https://drive.google.com/file/d/1EAP3qyoQuzFDhbSwWdqMT_Ga76wE1qK0/view?usp=drive_link
서울 서초구 서초동 양재역 양재사거리 서초구청 경부고속도로 도루코 외교타운 국립외교원 14,https://drive.google.com/file/d/1866y6CBxNFF-RywVy7CAy4N6XQyVxqfp/view?usp=drive_link
서울 서초구 서초동 양재역 양재사거리 서초구청 경부고속도로 도루코 외교타운 국립외교원 15,https://drive.google.com/file/d/10WhqBDdX_6FdM3UfyKPB0mwj9HCbz-r5/view?usp=drive_link
[드론영상] 서울 서초구 서초동 양재역 양재사거리 서초구청 경부고속도로 도루코 외교타운 국립외교원 원본,https://drive.google.com/file/d/1vibytdRiauOdAsi2b2wC0tFvNMe9S9LA/view?usp=drive_link
